<?xml version="1.0" encoding="UTF-8"?>
<configuration>

    <conversionRule conversionWord="clr" converterClass="org.springframework.boot.logging.logback.ColorConverter" />
    <conversionRule conversionWord="wex" converterClass="org.springframework.boot.logging.logback.WhitespaceThrowableProxyConverter" />
    <conversionRule conversionWord="wEx" converterClass="org.springframework.boot.logging.logback.ExtendedWhitespaceThrowableProxyConverter" />
    <property name="CONSOLE_LOG_PATTERN" value="${CONSOLE_LOG_PATTERN:-%clr(%d{yyyy-MM-dd HH:mm:ss.SSS}){faint} %clr(${LOG_LEVEL_PATTERN:-%5p}) %clr(${PID:- }){magenta} %clr(---){faint} %clr([%15.15t]){faint} %clr(%-40.40logger{39}){cyan} %clr(:){faint} %m%n${LOG_EXCEPTION_CONVERSION_WORD:-%wEx}}"/>
    <property name="FILE_LOG_PATTERN" value="${FILE_LOG_PATTERN:-%d{yyyy-MM-dd HH:mm:ss.SSS} ${LOG_LEVEL_PATTERN:-%5p} ${PID:- } --- [%t] %-40.40logger{39} : %m%n${LOG_EXCEPTION_CONVERSION_WORD:-%wEx}}"/>

    <!--控制台输出日志-->
    <appender name="consoleLog" class="ch.qos.logback.core.ConsoleAppender">
        <encoder>
            <pattern>${CONSOLE_LOG_PATTERN}</pattern>
            <charset>UTF-8</charset>
        </encoder>
    </appender>

    <!--将info级别日志写入文件-->
    <appender name="fileInfoLog"  class="ch.qos.logback.core.rolling.RollingFileAppender">
        <file>logs/info.log</file>
        <!--过滤器过滤高于info级别的日志-->
        <filter class="ch.qos.logback.classic.filter.LevelFilter">
            <level>ERROR</level>
            <onMatch>DENY</onMatch>
            <onMismatch>ACCEPT</onMismatch>
        </filter>
        <encoder  class="ch.qos.logback.classic.encoder.PatternLayoutEncoder">
            <pattern>${FILE_LOG_PATTERN}</pattern>
            <charset>UTF-8</charset>
        </encoder>
        <!--滚动策略-->
        <rollingPolicy class="ch.qos.logback.core.rolling.SizeAndTimeBasedRollingPolicy">
            <!--路径-->
            <fileNamePattern>logs/%d{yyyyMM}/info.%d{yyyy-MM-dd}.%i.log</fileNamePattern>
                    class="ch.qos.logback.core.rolling.SizeAndTimeBasedFNATP">
            <maxFileSize>10MB</maxFileSize>
            <!-- keep 7 days' worth of history capped at 3GB total size -->
            <maxHistory>7</maxHistory>
            <totalSizeCap>3GB</totalSizeCap>
        </rollingPolicy>
    </appender>

    <!--将error级别日志写入文件-->
    <appender name="fileErrorLog" class="ch.qos.logback.core.rolling.RollingFileAppender">
        <file>logs/error.log</file>
        <filter class="ch.qos.logback.classic.filter.ThresholdFilter">
            <level>ERROR</level>
        </filter>
        <encoder  class="ch.qos.logback.classic.encoder.PatternLayoutEncoder">
            <pattern>${FILE_LOG_PATTERN}</pattern>
            <charset>UTF-8</charset>
        </encoder>
        <!--滚动策略-->
        <rollingPolicy class="ch.qos.logback.core.rolling.SizeAndTimeBasedRollingPolicy">
            <!--路径-->
            <fileNamePattern>logs/%d{yyyyMM}/error.%d{yyyy-MM-dd}.%i.log</fileNamePattern>
                    class="ch.qos.logback.core.rolling.SizeAndTimeBasedFNATP">
            <!--每个文件最大10M-->
            <maxFileSize>10MB</maxFileSize>
            <!-- keep 7 days' worth of history capped at 3GB total size -->
            <maxHistory>7</maxHistory>
            <totalSizeCap>3GB</totalSizeCap>
        </rollingPolicy>
    </appender>

    <!--输出sql语句-->
    <logger name="com.lcj.mapper" level="TRACE"/>

    <root level="info">
        <appender-ref ref="consoleLog"/>
        <appender-ref ref="fileInfoLog"/>
        <appender-ref ref="fileErrorLog"/>
    </root>

</configuration>